URL,Title,Meta Description,Meta Keywords,Robots Tag,Canonical,Word Count,H1 Count,Total Links,Internal Links,External Links,Total Images,Images Without Alt,Images Without Title,Schema Count,Schema Types,Hreflang Tags,Open Graph Tags,Twitter Card Tags,LCP,INP,CLS,Error
https://ahrefs.com/,Ahrefsâ€”Marketing Intelligence Tools Powered by Big Data.,"Unlock data to make effective decisions across digital marketing. SEO, content marketing, PPC, digital PR, and more.
",No meta keywords found,No robots tag found,https://ahrefs.com/,1308.0,1.0,136.0,7.0,129.0,100.0,33.0,100.0,1.0,['Organization'],15.0,6.0,11.0,N/A,N/A,N/A,
https://www.wordstream.com/,WordStream | Online Advertising Made Easy,"WordStream makes online advertising easy! Our blog, free tools and learning resources can help you master digital advertising and grow your business.",No meta keywords found,"index, follow, max-image-preview:large, max-snippet:-1, max-video-preview:-1",https://www.wordstream.com/,803.0,1.0,87.0,26.0,61.0,45.0,8.0,32.0,1.0,[None],0.0,12.0,8.0,N/A,N/A,N/A,
https://keywordtool.io/,,,,,,,,,,,,,,,,,,,,,,Failed to retrieve
https://backlinko.com/,"Backlinko: SEO, Content Marketing, & Link Building Strategies",It's time to get backlinks that make a difference. Backlinko is the place for next-level SEO training and link building strategies.,No meta keywords found,"index, follow",https://backlinko.com,1581.0,1.0,202.0,10.0,192.0,3.0,0.0,3.0,1.0,[None],0.0,12.0,14.0,N/A,N/A,N/A,
https://www.semrush.com/,"
    
        Semrush - Online Marketing Can Be Easy
    
","Turn the algorithm into a friend. Make your business visible online with 55+ tools for SEO, PPC, content, social media, competitive research, and more.",No meta keywords found,No robots tag found,https://www.semrush.com/,1780.0,1.0,110.0,0.0,110.0,41.0,0.0,41.0,1.0,['Corporation'],14.0,6.0,9.0,N/A,N/A,N/A,
